,Reference,System,Value,Use
0,8c95253e-8ee8-9ae8-6d40-021d702dc78e,phone,555-152-6034,home
1,6fa23508-960e-ff22-c3d0-0519a036543b,phone,555-455-2751,home
2,83524678-9bff-93b7-ef89-d7f5390072ff,phone,555-106-9705,home
3,4e343b0a-8698-b6dd-64c6-c2d2d0959e6e,phone,555-675-9219,home
4,6e4ac285-2a8d-a30d-5ecb-e32cb595a876,phone,555-418-5997,home
5,1029f880-d3db-f477-9da3-f59c14ed22c6,phone,555-748-5270,home
6,a18edb30-e93c-8e9b-8e6a-95a651a24a36,phone,555-418-2098,home
7,f406a4e8-821b-0c9a-c8ec-09ad0f1fe9c6,phone,555-320-9982,home
8,b8c71fe0-e911-205e-19c3-b92e88e5b5a6,phone,555-640-7436,home
9,e5b7d947-da2b-9cf4-12a0-9eb2cf735330,phone,555-326-5395,home
10,b0478b4f-16f2-af38-d199-44db19304df2,phone,555-950-7518,home
11,0f978b87-8054-e6d3-aa03-20e101ea37c0,phone,555-810-7175,home
12,64cdd7b0-d5a5-ca8a-4b03-3db12d7534be,phone,555-131-4483,home
13,cced3031-d98c-d870-5dce-f0086d8c7a34,phone,555-419-9987,home
14,7c4e1f8e-29e4-f88f-095a-aa6a9f55e6de,phone,555-501-4799,home
15,91cf58f9-191c-3a49-a979-2ca64e52c369,phone,555-326-4619,home
16,cf3ce382-cceb-1557-89ac-b751a9e0e65d,phone,555-665-1433,home
17,1ba50d39-8105-69de-09de-c6d5358b3cb6,phone,555-662-1542,home
18,b0f40536-9dc8-2ea0-0bbf-467a69f5e3ad,phone,555-884-9015,home
19,6a15a792-ed41-e1f3-b942-3c2bd4a01ad6,phone,555-871-4223,home
20,bdb76eef-1faf-1ed7-d1ff-553d7df26fb3,phone,555-136-2338,home
21,8a3247d3-a54c-43f2-2c5d-a8f5e28ff588,phone,555-136-4712,home
22,7b3071eb-aacb-0596-d7b5-4abcb83ac2f0,phone,555-103-6796,home
23,ac00ac90-9af7-5b4f-aca4-8b1b9990fc1a,phone,555-425-6567,home
24,6dcdc387-88f9-758d-260c-4235ac7c269f,phone,555-567-4343,home
25,839e7cf9-b7d6-da6c-70bb-c151bf5c1c61,phone,555-731-9882,home
26,d8cb2b2b-fee1-36de-2e1e-0fda2ed1d991,phone,555-777-8307,home
27,e94401de-18ad-e190-9113-ee5ff31b1439,phone,555-635-6296,home
28,e9200276-eb25-ac87-e3bf-31de7e8d0b1e,phone,555-811-6629,home
29,0d55a582-07fe-a897-776c-3ab5e48cd457,phone,555-571-7714,home
30,0d7ad451-ac1b-dc0e-48bd-e0a8e1de4f15,phone,555-893-4758,home
31,3d496c42-21f9-8e42-aa2b-d021a1b79d46,phone,555-232-6974,home
32,720d476c-6392-bc86-3640-bf2ee18d071a,phone,555-765-6859,home
33,09e292d4-f186-331c-ed95-c503acabc54e,phone,555-425-8155,home
34,35b42dc6-fcb1-4a74-1d90-4213afe5b285,phone,555-356-7633,home
35,3635f0e6-d517-43f9-c4b2-61ea16a60fa3,phone,555-704-6787,home
36,9ce2b3c9-0f19-e01b-d789-5cb0609583e6,phone,555-871-2672,home
37,e7ffd26a-48e5-f10e-5565-2f4e8b09ee45,phone,555-976-8227,home
38,a57f2290-27ed-6117-2989-f42ef6d291ab,phone,555-511-1204,home
39,2d6c10cf-fade-6e45-0064-674792ff5ef1,phone,555-544-7833,home
40,4cef483d-6b1b-a284-b8fd-1de7f5aba0a4,phone,555-781-3576,home
41,9c02362b-0a48-be5e-7296-e332e383ebd2,phone,555-193-6068,home
42,2a0033b8-bd24-be26-eb24-8d6d9616b74f,phone,555-776-7787,home
43,fae4f7e3-622f-290c-068f-6d03e71dd5c9,phone,555-383-8590,home
44,9ebde11e-7248-e63c-25f9-4b793c3a5065,phone,555-264-2183,home
45,46b22d89-fe1a-3cf7-7ecb-b16c7390103f,phone,555-808-2477,home
46,37905eb6-a01d-0e34-a274-27ada76d3ccc,phone,555-901-2648,home
47,b0bccf43-3bf5-217c-7315-9e44d106bb6b,phone,555-127-9713,home
48,f8e9efe2-62db-29a2-46be-c72bad056ca8,phone,555-546-2848,home
49,5310622a-3368-34f0-c14a-b992c71e7d59,phone,555-916-9447,home
50,67ae02d5-002b-6bba-1854-642eba13aa0f,phone,555-957-6483,home
51,10bf6da8-ffa1-6913-a119-726634be754c,phone,555-294-9369,home
52,718f37a0-cb8f-fb74-03d3-c242033e7a81,phone,555-641-6943,home
53,aad9d04b-bb30-2f47-d5dd-888b3b7bd831,phone,555-734-3571,home
54,6f1df156-8793-56a0-6df1-570bca4dcc07,phone,555-935-8764,home
55,1d2875d4-f60d-df84-d3e1-12dbafa29bd4,phone,555-959-4512,home
56,126a7e7a-958b-428b-907d-f2aa4fd7236b,phone,555-463-7100,home
57,a8e9746e-f807-bbb1-bdc1-83ade842694d,phone,555-544-6511,home
58,98ff843c-4be7-b0aa-cc4f-0462d049ecb8,phone,555-584-9981,home
59,0ae2b985-af6e-485e-f0c5-fe0006c366e3,phone,555-422-6131,home
60,0ae69ba4-c609-45cc-f172-d55bac5df41e,phone,555-166-3716,home
61,eb3007ac-5147-73e0-b6ad-20bbe8578a08,phone,555-160-1371,home
62,d3406315-0e5e-e5e3-da71-b3c9802bd004,phone,555-825-8595,home
63,4f0dc4bc-9ada-c8dd-31dc-ffcfbe80e186,phone,555-688-2298,home
64,a5ad8c5e-69af-ffe9-4de1-6e099852ff7d,phone,555-719-6702,home
65,c7eef66d-c5b9-f4da-bf58-550a8077ded6,phone,555-731-2982,home
66,f8c09661-fcd1-eeea-d61e-478109235532,phone,555-833-4897,home
67,4878889a-9b4f-22fc-7060-ed9f5c05940c,phone,555-704-3016,home
68,aa4eae2c-733a-35f9-8869-d33a6015db23,phone,555-802-8500,home
69,da6120a6-4557-7db3-b44c-43c38568c119,phone,555-992-6481,home
70,ac56a3df-7399-e895-2a6e-6ae757f3f4a5,phone,555-315-1469,home
71,4a627a30-b963-bd1c-58be-0499f24d9670,phone,555-480-6579,home
72,c8c2969a-32d7-9694-ce15-378ae4d66413,phone,555-626-7922,home
73,89ba9a77-7aed-6cb8-6795-fb21f0ec237c,phone,555-202-8080,home
74,15201e77-7e36-0667-73bc-013783e57649,phone,555-165-4080,home
75,f38fe4a9-1634-144c-0147-53c0300c1561,phone,555-827-4969,home
76,686e4b2e-1f8d-7018-c335-1604a300121b,phone,555-559-4415,home
77,37d57af4-d27f-fb97-9b5c-a1090f5a57b7,phone,555-226-3023,home
78,4995ca99-2ab9-3b18-a56e-c33d29e53af0,phone,555-606-8142,home
